<?xml version="1.0" encoding="UTF-8"?>

<combination id="0">
    <item first="0x1100" second="0x1100" result="0x1101"/>  <!-- ᄀ   + ᄀ   → ᄁ  -->
    <item first="0x1100" second="0x1109" result="0x11aa"/>  <!-- ᄀ   + ᄉ   → ᆪ  -->
    <item first="0x1102" second="0x110c" result="0x11ac"/>  <!-- ᄂ   + ᄌ   → ᆬ  -->
    <item first="0x1102" second="0x1112" result="0x11ad"/>  <!-- ᄂ   + ᄒ   → ᆭ  -->
    <item first="0x1103" second="0x1103" result="0x1104"/>  <!-- ᄃ   + ᄃ   → ᄄ  -->
    <item first="0x1105" second="0x1100" result="0x11b0"/>  <!-- ᄅ   + ᄀ   → ᆰ  -->
    <item first="0x1105" second="0x1106" result="0x11b1"/>  <!-- ᄅ   + ᄆ   → ᆱ  -->
    <item first="0x1105" second="0x1107" result="0x11b2"/>  <!-- ᄅ   + ᄇ   → ᆲ  -->
    <item first="0x1105" second="0x1109" result="0x11b3"/>  <!-- ᄅ   + ᄉ   → ᆳ  -->
    <item first="0x1105" second="0x1110" result="0x11b4"/>  <!-- ᄅ   + ᄐ   → ᆴ  -->
    <item first="0x1105" second="0x1111" result="0x11b5"/>  <!-- ᄅ   + ᄑ   → ᆵ  -->
    <item first="0x1105" second="0x1112" result="0x11b6"/>  <!-- ᄅ   + ᄒ   → ᆶ  -->
    <item first="0x1107" second="0x1107" result="0x1108"/>  <!-- ᄇ   + ᄇ   → ᄈ  -->
    <item first="0x1107" second="0x1109" result="0x11b9"/>  <!-- ᄇ   + ᄉ   → ᆹ  -->
    <item first="0x1109" second="0x1109" result="0x110a"/>  <!-- ᄉ   + ᄉ   → ᄊ  -->
    <item first="0x110c" second="0x110c" result="0x110d"/>  <!-- ᄌ   + ᄌ   → ᄍ  -->
    <item first="0x1169" second="0x1161" result="0x116a"/>  <!-- ᅩ   + ᅡ   → ᅪ  -->
    <item first="0x1169" second="0x1162" result="0x116b"/>  <!-- ᅩ   + ᅢ   → ᅫ  -->
    <item first="0x1169" second="0x1175" result="0x116c"/>  <!-- ᅩ   + ᅵ   → ᅬ  -->
    <item first="0x116e" second="0x1165" result="0x116f"/>  <!-- ᅮ   + ᅥ   → ᅯ  -->
    <item first="0x116e" second="0x1166" result="0x1170"/>  <!-- ᅮ   + ᅦ   → ᅰ  -->
    <item first="0x116e" second="0x1175" result="0x1171"/>  <!-- ᅮ   + ᅵ   → ᅱ  -->
    <item first="0x1173" second="0x1175" result="0x1174"/>  <!-- ᅳ   + ᅵ   → ᅴ  -->
    <item first="0x11a8" second="0x11a8" result="0x11a9"/>  <!-- ᆨ   + ᆨ   → ᆩ  -->
    <item first="0x11a8" second="0x11ba" result="0x11aa"/>  <!-- ᆨ   + ᆺ   → ᆪ  -->
    <item first="0x11ab" second="0x11bd" result="0x11ac"/>  <!-- ᆫ   + ᆽ   → ᆬ  -->
    <item first="0x11ab" second="0x11c2" result="0x11ad"/>  <!-- ᆫ   + ᇂ   → ᆭ  -->
    <item first="0x11af" second="0x11a8" result="0x11b0"/>  <!-- ᆯ   + ᆨ   → ᆰ  -->
    <item first="0x11af" second="0x11b7" result="0x11b1"/>  <!-- ᆯ   + ᆷ   → ᆱ  -->
    <item first="0x11af" second="0x11b8" result="0x11b2"/>  <!-- ᆯ   + ᆸ   → ᆲ  -->
    <item first="0x11af" second="0x11ba" result="0x11b3"/>  <!-- ᆯ   + ᆺ   → ᆳ  -->
    <item first="0x11af" second="0x11c0" result="0x11b4"/>  <!-- ᆯ   + ᇀ   → ᆴ  -->
    <item first="0x11af" second="0x11c1" result="0x11b5"/>  <!-- ᆯ   + ᇁ   → ᆵ  -->
    <item first="0x11af" second="0x11c2" result="0x11b6"/>  <!-- ᆯ   + ᇂ   → ᆶ  -->
    <item first="0x11b8" second="0x11ba" result="0x11b9"/>  <!-- ᆸ   + ᆺ   → ᆹ  -->
    <item first="0x11ba" second="0x11ba" result="0x11bb"/>  <!-- ᆺ   + ᆺ   → ᆻ  -->
</combination>
