<?xml version="1.0" encoding="UTF-8"?>
<project xmlns="http://www.netbeans.org/ns/project/1">
    <type>org.netbeans.modules.ant.freeform</type>
    <configuration>
        <general-data xmlns="http://www.netbeans.org/ns/freeform-project/1">
            <name>JSR305-ri</name>
        </general-data>
        <general-data xmlns="http://www.netbeans.org/ns/freeform-project/2">
            <!-- Do not use Project Properties customizer when editing this file manually. -->
            <name>JSR305-ri</name>
            <properties/>
            <folders>
                <source-folder>
                    <label>src/main/java</label>
                    <type>java</type>
                    <location>src/main/java</location>
                    <encoding>UTF-8</encoding>
                </source-folder>
                <source-folder>
                    <label>src/main/resources</label>
                    <type>java</type>
                    <location>src/main/resources</location>
                    <encoding>UTF-8</encoding>
                </source-folder>
                <source-folder>
                    <label>JSR305-ri</label>
                    <location>.</location>
                    <encoding>UTF-8</encoding>
                </source-folder>
            </folders>
            <ide-actions>
                <action name="build">
                    <target>build</target>
                </action>
                <action name="clean">
                    <target>clean</target>
                </action>
                <action name="rebuild">
                    <target>clean</target>
                    <target>build</target>
                </action>
            </ide-actions>
            <export>
                <type>folder</type>
                <location>build</location>
                <build-target>build</build-target>
            </export>
            <view>
                <items>
                    <source-folder style="packages">
                        <label>src/main/java</label>
                        <location>src/main/java</location>
                    </source-folder>
                    <source-folder style="packages">
                        <label>src/main/resources</label>
                        <location>src/main/resources</location>
                    </source-folder>
                    <source-file>
                        <location>build.xml</location>
                    </source-file>
                </items>
                <context-menu>
                    <ide-action name="build"/>
                    <ide-action name="rebuild"/>
                    <ide-action name="clean"/>
                </context-menu>
            </view>
        </general-data>
        <java-data xmlns="http://www.netbeans.org/ns/freeform-project-java/1">
            <compilation-unit>
                <package-root>src/main/java</package-root>
                <package-root>src/main/resources</package-root>
                <built-to>build</built-to>
                <source-level>1.5</source-level>
            </compilation-unit>
        </java-data>
    </configuration>
</project>
